TANGGAL;TAVG;RH_AVG;RR
01-01-2020;27,7;84;0
02-01-2020;27,6;83;0
03-01-2020;27,9;81;0
04-01-2020;28,4;84;0
05-01-2020;28,4;86;-
06-01-2020;28,2;80;-
07-01-2020;28,8;78;0
08-01-2020;29;76;-
09-01-2020;26,8;88;0
10-01-2020;25,7;87;150,5
11-01-2020;25,7;86;32,9
12-01-2020;27,3;81;6,5
13-01-2020;27,7;80;2
14-01-2020;28,1;82;12,8
15-01-2020;27,7;85;0
16-01-2020;27,7;88;0
17-01-2020;26,7;92;47,7
18-01-2020;26,7;92;28,8
19-01-2020;27,3;86;8,9
20-01-2020;28,1;86;0
21-01-2020;28,2;83;4,7
22-01-2020;27,7;84;-
23-01-2020;27,6;82;0,7
24-01-2020;27,9;86;0,8
25-01-2020;28,5;85;0,5
26-01-2020;28,7;80;0
27-01-2020;28,3;86;1,5
28-01-2020;27,2;87;0
29-01-2020;26;81;145,6
30-01-2020;26,8;70;-
31-01-2020;27,4;75;0
01-02-2020;27,8;81;0
02-02-2020;28,7;76;0
03-02-2020;29,7;63;-
04-02-2020;27,5;78;0
05-02-2020;27;86;0
06-02-2020;28;77;4
07-02-2020;26,8;90;2
08-02-2020;26,2;86;46,8
09-02-2020;28,1;78;0,2
10-02-2020;27,8;83;0
11-02-2020;28,2;78;2
12-02-2020;28,3;79;-
13-02-2020;27,9;80;-
14-02-2020;26,8;91;2
15-02-2020;27,2;81;121,3
16-02-2020;27,5;82;7,5
17-02-2020;27,2;79;2,4
18-02-2020;27,1;82;15,2
19-02-2020;27,4;81;8888
20-02-2020;27,9;84;0
21-02-2020;28,8;71;0
22-02-2020;28,9;71;-
23-02-2020;30,8;54;0
24-02-2020;29,2;67;0
25-02-2020;28,9;75;0
26-02-2020;28,8;75;0
27-02-2020;29,2;80;0
28-02-2020;28,6;82;0
29-02-2020;29,1;80;8888
01-03-2020;28,5;81;-
02-03-2020;27,9;85;35
03-03-2020;27,5;84;122,5
04-03-2020;28,7;82;-
05-03-2020;28,1;77;-
06-03-2020;28,9;70;3
07-03-2020;29,3;68;0
08-03-2020;28,7;74;0
09-03-2020;28,2;78;15,6
10-03-2020;28,2;72;0
11-03-2020;29,1;70;-
12-03-2020;28,8;78;0
13-03-2020;28,4;78;14,2
14-03-2020;28,6;79;0
15-03-2020;29,2;78;-
16-03-2020;28,7;78;0
17-03-2020;27,8;80;0,5
18-03-2020;27,2;87;28,5
19-03-2020;25,7;91;92,2
20-03-2020;27,1;78;37
21-03-2020;27,9;80;1
22-03-2020;27,7;86;4
23-03-2020;27,2;82;6,6
24-03-2020;28,3;79;0
25-03-2020;28,4;78;8888
26-03-2020;27,6;82;-
27-03-2020;27,5;77;11,5
28-03-2020;27,9;82;1,3
29-03-2020;27,6;82;8888
30-03-2020;27,1;80;2,3
31-03-2020;28,3;75;2
01-04-2020;28,2;74;-
02-04-2020;28,9;74;0
03-04-2020;28,9;75;0
04-04-2020;28,7;83;1
05-04-2020;27,5;82;23
06-04-2020;25,6;91;20
07-04-2020;27,1;78;81,5
08-04-2020;28,2;83;4,6
09-04-2020;28,2;77;-
10-04-2020;27,2;84;7,5
11-04-2020;27,9;83;9,9
12-04-2020;27,9;84;1,5
13-04-2020;28,1;83;5,7
14-04-2020;27,8;82;1,5
15-04-2020;28;80;0,1
16-04-2020;27,1;90;0,2
17-04-2020;27,1;87;7,4
18-04-2020;27,7;85;5,5
19-04-2020;28,6;82;-
20-04-2020;28,4;82;4,6
21-04-2020;28,3;84;0,2
22-04-2020;29;82;0
23-04-2020;28;84;1
24-04-2020;27,8;84;4
25-04-2020;27,6;85;23
27-04-2020;27,3;82;12,9
28-04-2020;27,8;82;5,4
29-04-2020;28,3;75;-
30-04-2020;27,2;90;7,4
01-05-2020;25,4;92;66,7
02-05-2020;26,7;86;78
03-05-2020;27,3;84;51,4
04-05-2020;28,4;77;5,1
05-05-2020;29;74;0
06-05-2020;28,5;78;22,2
07-05-2020;27,4;88;28,1
08-05-2020;28,5;78;7,6
09-05-2020;27,6;83;51
10-05-2020;28,1;81;0,7
11-05-2020;28,2;79;-
12-05-2020;28,1;79;0
13-05-2020;28,2;83;39,2
14-05-2020;28,6;80;-
15-05-2020;28,8;84;0
16-05-2020;28,9;84;2
17-05-2020;26,4;93;0,6
18-05-2020;28,1;80;83
19-05-2020;29,2;72;-
20-05-2020;28,2;71;15,2
21-05-2020;29,3;69;-
22-05-2020;29,1;66;0
23-05-2020;27,7;77;4
24-05-2020;28,1;74;8888
25-05-2020;28,4;74;0
26-05-2020;26,4;85;0,2
27-05-2020;27,5;75;3,2
28-05-2020;27,8;79;0
29-05-2020;27,9;78;0
30-05-2020;28,5;81;-
31-05-2020;27,8;79;1
01-06-2020;27,9;80;0
02-06-2020;28,4;80;0
03-06-2020;28,4;80;-
04-06-2020;27,6;85;1,7
05-06-2020;24,9;96;10,2
06-06-2020;26,3;78;39,3
07-06-2020;27,5;71;8888
08-06-2020;27,6;78;0
09-06-2020;27,7;79;-
10-06-2020;27,3;77;0
11-06-2020;28;80;0
12-06-2020;27,1;85;0
13-06-2020;26,9;84;4
14-06-2020;27,7;78;0
15-06-2020;28,3;77;0
16-06-2020;27,6;83;8888
17-06-2020;27,2;85;3,6
18-06-2020;26,6;88;3
19-06-2020;26,8;83;9,2
20-06-2020;27,1;88;3,6
21-06-2020;26,7;90;8888
22-06-2020;25,6;87;40,6
23-06-2020;26,4;83;82,4
24-06-2020;26,8;73;0,5
25-06-2020;27,7;76;0
26-06-2020;27,4;78;0
27-06-2020;27,1;74;-
28-06-2020;27,6;74;-
29-06-2020;27,9;78;0
30-06-2020;27,8;82;1,1
01-07-2020;27,6;84;0
02-07-2020;28,2;79;0
03-07-2020;27,9;79;0
04-07-2020;28,1;77;1
05-07-2020;28,4;80;0
06-07-2020;28,4;76;0
07-07-2020;27,3;84;0
08-07-2020;24,7;96;4,5
09-07-2020;25,8;87;74,8
10-07-2020;27,2;86;0
11-07-2020;26,2;89;0
12-07-2020;26;89;22,5
13-07-2020;26;86;16,6
14-07-2020;27,3;84;2,2
15-07-2020;27,4;81;-
16-07-2020;27,7;84;0
17-07-2020;27,6;89;2
18-07-2020;26,8;93;8,2
19-07-2020;26,7;90;3,5
20-07-2020;27,1;86;7,4
21-07-2020;27,4;90;0
22-07-2020;25,9;91;8,6
23-07-2020;26,6;86;134,6
24-07-2020;27;87;5,6
25-07-2020;25,6;96;8888
26-07-2020;26,4;84;28
27-07-2020;26,7;89;0,5
28-07-2020;26,1;94;8888
29-07-2020;26,9;84;3,6
30-07-2020;27,4;84;0,8
31-07-2020;26,9;79;0
01-08-2020;27;80;8,5
02-08-2020;27,1;76;0
03-08-2020;27,1;77;-
04-08-2020;26,2;82;72,5
05-08-2020;26,8;75;0,7
06-08-2020;27,5;81;-
07-08-2020;27,5;82;0
08-08-2020;27,7;77;0
09-08-2020;28,1;75;0
10-08-2020;28,2;70;0
11-08-2020;28,8;69;-
12-08-2020;28,6;75;0
13-08-2020;27,9;72;2,5
14-08-2020;28,4;73;0
15-08-2020;27,4;72;2,5
16-08-2020;26,6;86;8,2
17-08-2020;25,3;90;3
18-08-2020;26,6;85;6,7
19-08-2020;27,9;82;0
20-08-2020;27,8;82;-
21-08-2020;26,4;93;0
22-08-2020;25,8;91;29,5
23-08-2020;27,1;84;34
24-08-2020;27,7;85;0,7
25-08-2020;27,9;89;4
26-08-2020;26,4;94;8888
27-08-2020;27,1;85;13,6
28-08-2020;27;76;0
29-08-2020;27,7;76;-
30-08-2020;27,3;81;0
31-08-2020;27,2;86;2,1
01-09-2020;25,9;89;9,5
02-09-2020;27;84;48
03-09-2020;26,4;88;0,5
04-09-2020;25,6;94;35,1
05-09-2020;26,2;87;30,5
06-09-2020;27,3;79;11
07-09-2020;27,7;80;0
08-09-2020;27,5;86;1,2
09-09-2020;26,2;85;3,5
10-09-2020;24,9;90;235,2
11-09-2020;27,1;78;32,7
12-09-2020;27,2;76;5
13-09-2020;27,9;68;0,8
14-09-2020;28,2;74;0
15-09-2020;28,2;72;-
16-09-2020;27,7;74;0
17-09-2020;27,5;76;-
18-09-2020;26,5;84;0,3
19-09-2020;27,9;82;48
20-09-2020;27,7;85;0
21-09-2020;26,8;84;11,6
22-09-2020;28;76;2,2
23-09-2020;25,4;93;-
24-09-2020;26,5;84;131,2
25-09-2020;25,5;90;0
26-09-2020;24,8;94;48
27-09-2020;26,4;81;22,3
28-09-2020;27;84;8888
29-09-2020;27,6;79;3,7
30-09-2020;27,5;85;-
01-10-2020;24,5;98;14,8
02-10-2020;24,6;95;126,6
03-10-2020;26,6;81;23,8
04-10-2020;26,6;86;-
04-10-2020;26,6;86;-
05-10-2020;26,2;89;6
06-10-2020;26;85;-
07-10-2020;24,4;98;43,5
07-10-2020;24,4;98;43,5
08-10-2020;25,1;92;91
09-10-2020;25;87;53,7
10-10-2020;26,7;80;49
10-10-2020;26,7;80;49
11-10-2020;28,4;72;0
12-10-2020;27,8;72;0
12-10-2020;27,8;72;0
13-10-2020;27,8;75;0
13-10-2020;27,8;75;0
14-10-2020;27,7;73;0
14-10-2020;27,7;73;0
15-10-2020;27,7;73;0,1
15-10-2020;27,7;73;0,1
16-10-2020;28,3;71;0
17-10-2020;28,6;67;0
18-10-2020;28,5;75;0
18-10-2020;28,5;75;0
19-10-2020;28,8;71;0
19-10-2020;28,8;71;0
20-10-2020;28,6;68;-
21-10-2020;28,1;76;3,3
21-10-2020;28,1;76;3,3
22-10-2020;27,7;74;4,8
23-10-2020;28,1;70;5
24-10-2020;27,9;81;1
24-10-2020;27,9;81;1
25-10-2020;26,5;77;7,9
25-10-2020;26,5;77;7,9
26-10-2020;26,3;81;0,2
26-10-2020;26,3;81;0,2
27-10-2020;27,5;68;4,3
28-10-2020;27,9;73;0
29-10-2020;28,4;71;0
30-10-2020;27,4;78;0
31-10-2020;26,6;89;8
01-11-2020;27,4;80;18,1
02-11-2020;27,6;79;0
03-11-2020;26,3;88;8,3
04-11-2020;27,3;76;7,2
05-11-2020;27;80;-
06-11-2020;27,4;82;0
07-11-2020;26,7;88;10
08-11-2020;27,3;85;65,8
09-11-2020;27,3;83;7,8
10-11-2020;27,4;80;28,9
11-11-2020;28,3;80;8888
11-11-2020;28,3;80;8888
12-11-2020;28,5;82;-
13-11-2020;28;80;0
14-11-2020;28,5;84;1
14-11-2020;28,5;84;1
15-11-2020;27,3;89;6
15-11-2020;27,3;89;6
16-11-2020;26,9;89;19,4
16-11-2020;26,9;89;19,4
17-11-2020;26,5;92;14,8
17-11-2020;26,5;92;14,8
18-11-2020;27,3;88;48,3
18-11-2020;27,3;88;48,3
19-11-2020;27;90;18
19-11-2020;27;90;18
20-11-2020;27;87;30,5
20-11-2020;27;87;30,5
21-11-2020;25;98;2,7
22-11-2020;26,4;90;27,5
22-11-2020;26,4;90;27,5
23-11-2020;26;89;33,2
23-11-2020;26;89;33,2
24-11-2020;25,5;90;94,9
24-11-2020;25,5;90;94,9
25-11-2020;26,2;84;114,5
25-11-2020;26,2;84;114,5
26-11-2020;25,9;86;60,2
26-11-2020;25,9;86;60,2
27-11-2020;26,6;80;13,1
27-11-2020;26,6;80;13,1
28-11-2020;26,8;81;0
28-11-2020;26,8;81;0
29-11-2020;26,8;79;14,3
30-11-2020;28,2;70;-
30-11-2020;28,2;70;-
01-12-2020;26,9;70;0
02-12-2020;27,9;64;-
03-12-2020;27,2;65;-
04-12-2020;26,7;82;0
04-12-2020;26,7;82;0
05-12-2020;26,8;78;-
05-12-2020;26,8;78;-
06-12-2020;28,1;73;0
07-12-2020;27,7;76;0
07-12-2020;27,7;76;0
08-12-2020;28,2;78;-
09-12-2020;27,7;84;7,2
10-12-2020;26,1;84;37
11-12-2020;26,6;78;45,3
12-12-2020;25,6;84;0
13-12-2020;27,3;77;1
13-12-2020;27,3;77;1
14-12-2020;26,2;84;0,5
15-12-2020;26,3;84;30,9
16-12-2020;25,9;87;10,2
17-12-2020;26,4;84;4,6
18-12-2020;26,4;84;7,1
19-12-2020;27,4;81;6
20-12-2020;27,3;79;1,1
21-12-2020;27,1;80;0
22-12-2020;27,5;80;-
23-12-2020;27,9;81;-
24-12-2020;27,2;78;66,9
25-12-2020;27,3;78;21,2
26-12-2020;27,1;79;0
26-12-2020;27,1;79;0
27-12-2020;27,9;75;-
27-12-2020;27,9;75;-
28-12-2020;27,8;82;0,5
29-12-2020;28,6;74;3,6
29-12-2020;28,6;74;3,6
30-12-2020;27,9;76;1,6
31-12-2020;27,1;78;1
31-12-2020;27,1;78;1
01-01-2021;27,6;81;1,5
01-01-2021;27,6;81;1,5
02-01-2021;28,3;76;8888
03-01-2021;26,8;81;23,4
03-01-2021;26,8;81;23,4
04-01-2021;26,4;80;9,7
04-01-2021;26,4;80;9,7
05-01-2021;27,6;77;0
06-01-2021;27,2;78;-
06-01-2021;27,2;78;-
07-01-2021;27,8;80;12,8
07-01-2021;27,8;80;12,8
08-01-2021;26,7;86;0,2
08-01-2021;26,7;86;0,2
09-01-2021;26,3;84;110,2
09-01-2021;26,3;84;110,2
10-01-2021;27,2;84;0
10-01-2021;27,2;84;0
11-01-2021;25,8;90;44,5
11-01-2021;25,8;90;44,5
12-01-2021;26,3;87;79,3
13-01-2021;28,1;80;1,5
13-01-2021;28,1;80;1,5
14-01-2021;27,6;77;0,3
14-01-2021;27,6;77;0,3
15-01-2021;27,7;72;0
15-01-2021;27,7;72;0
16-01-2021;27,7;70;0
16-01-2021;27,7;70;0
17-01-2021;27,3;76;-
18-01-2021;27,7;78;3,1
19-01-2021;28,1;69;0
20-01-2021;27,7;72;0
21-01-2021;27,6;70;0
21-01-2021;27,6;70;0
22-01-2021;28,4;70;0
23-01-2021;28,3;76;8888
24-01-2021;27,9;70;-
24-01-2021;27,9;70;-
25-01-2021;27,5;77;2,5
25-01-2021;27,5;77;2,5
26-01-2021;27,8;73;0
26-01-2021;27,8;73;0
27-01-2021;26,5;84;9
27-01-2021;26,5;84;9
28-01-2021;26,5;79;7
29-01-2021;28;80;1
29-01-2021;28;80;1
30-01-2021;27,4;80;9,8
31-01-2021;27,5;83;16,5
01-02-2021;27,5;88;0
01-02-2021;27,5;88;0
02-02-2021;27,4;86;1,5
02-02-2021;27,4;86;1,5
03-02-2021;27,5;85;0,2
03-02-2021;27,5;85;0,2
04-02-2021;27,4;80;0
05-02-2021;27,9;78;-
05-02-2021;27,9;78;-
06-02-2021;28,8;69;0
06-02-2021;28,8;69;0
07-02-2021;28,9;62;0
08-02-2021;28,2;72;8888
08-02-2021;28,2;72;8888
09-02-2021;28,6;74;0
09-02-2021;28,6;74;0
10-02-2021;28,6;76;0
11-02-2021;28,4;68;-
12-02-2021;28,6;64;0
12-02-2021;28,6;64;0
13-02-2021;28,7;74;0
13-02-2021;28,7;74;0
14-02-2021;29;77;0
15-02-2021;29,1;79;0,5
15-02-2021;29,1;79;0,5
16-02-2021;28,7;78;0
17-02-2021;28,1;66;-
17-02-2021;28,1;66;-
18-02-2021;27,7;80;0
18-02-2021;27,7;80;0
19-02-2021;28,6;67;1,2
19-02-2021;28,6;67;1,2
20-02-2021;28,3;71;-
20-02-2021;28,3;71;-
21-02-2021;28,1;75;0
21-02-2021;28,1;75;0
22-02-2021;28,4;76;0
23-02-2021;28;79;13,2
24-02-2021;28,2;78;5
25-02-2021;26,7;85;17,2
26-02-2021;25;92;6
26-02-2021;25;92;6
27-02-2021;27,3;75;35,5
27-02-2021;27,3;75;35,5
28-02-2021;27,9;72;0
01-03-2021;28,1;78;-
01-03-2021;28,1;78;-
02-03-2021;26,6;92;0
02-03-2021;26,6;92;0
03-03-2021;26,2;86;39,3
03-03-2021;26,2;86;39,3
04-03-2021;27,7;82;8888
05-03-2021;28,1;84;0
05-03-2021;28,1;84;0
06-03-2021;26,8;90;2,5
07-03-2021;26,2;81;134,6
07-03-2021;26,2;81;134,6
08-03-2021;26,4;86;21,5
09-03-2021;28;84;0
10-03-2021;26,7;85;21,8
11-03-2021;27,1;84;1,2
11-03-2021;27,1;84;1,2
12-03-2021;27,3;86;1,7
12-03-2021;27,3;86;1,7
13-03-2021;26,8;84;1,2
13-03-2021;26,8;84;1,2
14-03-2021;27,7;82;0
14-03-2021;27,7;82;0
15-03-2021;27,9;82;0
16-03-2021;27,1;86;1
16-03-2021;27,1;86;1
17-03-2021;27;86;0,3
17-03-2021;27;86;0,3
18-03-2021;26,4;88;1,5
18-03-2021;26,4;88;1,5
19-03-2021;27,6;82;10,7
19-03-2021;27,6;82;10,7
20-03-2021;27,1;89;9,4
20-03-2021;27,1;89;9,4
21-03-2021;26,2;91;0,2
21-03-2021;26,2;91;0,2
22-03-2021;25,7;90;94,9
22-03-2021;25,7;90;94,9
23-03-2021;25,7;92;30,1
23-03-2021;25,7;92;30,1
24-03-2021;27,2;86;13,4
24-03-2021;27,2;86;13,4
25-03-2021;27,4;85;4
25-03-2021;27,4;85;4
26-03-2021;27,6;89;0,2
26-03-2021;27,6;89;0,2
27-03-2021;27,4;84;8,1
27-03-2021;27,4;84;8,1
28-03-2021;27,9;87;1,4
28-03-2021;27,9;87;1,4
29-03-2021;26,5;88;33,7
29-03-2021;26,5;88;33,7
30-03-2021;26,9;87;4,7
30-03-2021;26,9;87;4,7
31-03-2021;25,5;86;0,8
31-03-2021;25,5;86;0,8
01-04-2021;26,6;81;23,4
01-04-2021;26,6;81;23,4
02-04-2021;27,8;76;0
02-04-2021;27,8;76;0
03-04-2021;26;80;0,4
03-04-2021;26;80;0,4
04-04-2021;26,4;81;83,4
04-04-2021;26,4;81;83,4
05-04-2021;27,2;83;0
05-04-2021;27,2;83;0
06-04-2021;27,5;84;4
06-04-2021;27,5;84;4
07-04-2021;28;82;0
07-04-2021;28;82;0
08-04-2021;28,1;82;6,6
08-04-2021;28,1;82;6,6
09-04-2021;28,2;82;1,5
09-04-2021;28,2;82;1,5
10-04-2021;28,5;78;0
10-04-2021;28,5;78;0
11-04-2021;28,7;83;-
11-04-2021;28,7;83;-
12-04-2021;27,3;84;7,5
12-04-2021;27,3;84;7,5
13-04-2021;27,8;85;4,7
13-04-2021;27,8;85;4,7
14-04-2021;28;82;0
14-04-2021;28;82;0
15-04-2021;27,7;82;0
15-04-2021;27,7;82;0
16-04-2021;27,4;82;0,5
16-04-2021;27,4;82;0,5
17-04-2021;26,2;90;2,2
17-04-2021;26,2;90;2,2
18-04-2021;27,3;79;5
18-04-2021;27,3;79;5
19-04-2021;27,8;78;0
20-04-2021;28;78;8888
20-04-2021;28;78;8888
21-04-2021;28,3;80;-
21-04-2021;28,3;80;-
22-04-2021;26,8;88;26,4
22-04-2021;26,8;88;26,4
23-04-2021;27,5;81;5,2
23-04-2021;27,5;81;5,2
24-04-2021;27,5;80;-
24-04-2021;27,5;80;-
25-04-2021;27,5;82;12,5
25-04-2021;27,5;82;12,5
26-04-2021;27,7;83;0
26-04-2021;27,7;83;0
27-04-2021;28,2;84;-
27-04-2021;28,2;84;-
28-04-2021;28;84;1,1
28-04-2021;28;84;1,1
29-04-2021;27,6;89;6,7
29-04-2021;27,6;89;6,7
30-04-2021;27,1;84;43,9
30-04-2021;27,1;84;43,9
01-05-2021;27,1;90;0,1
01-05-2021;27,1;90;0,1
02-05-2021;27,5;87;33,8
02-05-2021;27,5;87;33,8
03-05-2021;28,3;84;0
03-05-2021;28,3;84;0
04-05-2021;27,5;91;1,5
04-05-2021;27,5;91;1,5
05-05-2021;27,1;86;11,8
05-05-2021;27,1;86;11,8
06-05-2021;27,4;84;15,4
06-05-2021;27,4;84;15,4
07-05-2021;28,3;82;0
07-05-2021;28,3;82;0
08-05-2021;26,9;86;0
08-05-2021;26,9;86;0
09-05-2021;27,5;88;7
09-05-2021;27,5;88;7
10-05-2021;27,9;87;5,3
10-05-2021;27,9;87;5,3
11-05-2021;28;86;0
11-05-2021;28;86;0
12-05-2021;27;88;34,8
12-05-2021;27;88;34,8
13-05-2021;27,4;88;9,4
13-05-2021;27,4;88;9,4
14-05-2021;26,7;93;8,2
14-05-2021;26,7;93;8,2
15-05-2021;27,5;84;42,4
15-05-2021;27,5;84;42,4
16-05-2021;28,3;83;8888
16-05-2021;28,3;83;8888
17-05-2021;26,8;91;82,8
17-05-2021;26,8;91;82,8
18-05-2021;26,4;87;7,5
18-05-2021;26,4;87;7,5
19-05-2021;27,2;84;0
20-05-2021;28,3;84;-
20-05-2021;28,3;84;-
21-05-2021;28,3;83;0
21-05-2021;28,3;83;0
22-05-2021;28,8;76;-
22-05-2021;28,8;76;-
23-05-2021;28,1;74;-
23-05-2021;28,1;74;-
24-05-2021;28,4;80;-
24-05-2021;28,4;80;-
25-05-2021;28,3;82;0
25-05-2021;28,3;82;0
26-05-2021;28,8;84;-
26-05-2021;28,8;84;-
27-05-2021;26,9;96;0
27-05-2021;26,9;96;0
28-05-2021;25,9;98;21,3
29-05-2021;26,5;88;133,8
29-05-2021;26,5;88;133,8
30-05-2021;27,5;88;8888
30-05-2021;27,5;88;8888
31-05-2021;27,2;85;52,5
31-05-2021;27,2;85;52,5
01-06-2021;28;81;0,8
01-06-2021;28;81;0,8
02-06-2021;28,1;84;4,5
02-06-2021;28,1;84;4,5
03-06-2021;28,4;82;0
03-06-2021;28,4;82;0
04-06-2021;26,5;95;0
04-06-2021;26,5;95;0
05-06-2021;25,2;98;24
05-06-2021;25,2;98;24
06-06-2021;27,4;76;38,1
06-06-2021;27,4;76;38,1
07-06-2021;27;78;0
07-06-2021;27;78;0
08-06-2021;27,3;80;0
08-06-2021;27,3;80;0
09-06-2021;27;83;37,7
10-06-2021;27,7;74;0
10-06-2021;27,7;74;0
11-06-2021;27,7;78;-
11-06-2021;27,7;78;-
12-06-2021;26,8;85;0
12-06-2021;26,8;85;0
13-06-2021;27,8;84;3,3
13-06-2021;27,8;84;3,3
14-06-2021;26,7;93;0
14-06-2021;26,7;93;0
15-06-2021;26,9;84;10,5
15-06-2021;26,9;84;10,5
16-06-2021;27,3;79;17,9
16-06-2021;27,3;79;17,9
17-06-2021;26,8;79;8888
17-06-2021;26,8;79;8888
18-06-2021;27,8;72;0
18-06-2021;27,8;72;0
19-06-2021;27,4;77;0
19-06-2021;27,4;77;0
20-06-2021;27;72;0
20-06-2021;27;72;0
21-06-2021;27,5;77;0
21-06-2021;27,5;77;0
22-06-2021;24,3;96;3,5
22-06-2021;24,3;96;3,5
23-06-2021;26,9;78;24,1
23-06-2021;26,9;78;24,1
24-06-2021;26,6;74;0
24-06-2021;26,6;74;0
25-06-2021;27,9;75;0
25-06-2021;27,9;75;0
26-06-2021;26,3;85;64
26-06-2021;26,3;85;64
27-06-2021;26,7;84;8,3
27-06-2021;26,7;84;8,3
28-06-2021;26,8;85;8888
28-06-2021;26,8;85;8888
29-06-2021;26,9;80;2,5
29-06-2021;26,9;80;2,5
30-06-2021;26,1;80;0,4
30-06-2021;26,1;80;0,4
01-07-2021;27,1;80;8888
01-07-2021;27,1;80;8888
02-07-2021;27,6;83;0
02-07-2021;27,6;83;0
03-07-2021;27;89;-
03-07-2021;27;89;-
04-07-2021;26,5;86;20,3
05-07-2021;26,1;85;14
06-07-2021;25,4;90;10
06-07-2021;25,4;90;10
07-07-2021;26,9;78;2
07-07-2021;26,9;78;2
08-07-2021;26,9;78;0
08-07-2021;26,9;78;0
09-07-2021;27,7;81;0,1
09-07-2021;27,7;81;0,1
10-07-2021;27;88;6
10-07-2021;27;88;6
11-07-2021;27,3;86;1,1
11-07-2021;27,3;86;1,1
12-07-2021;27,6;84;1
13-07-2021;25,8;79;58,3
13-07-2021;25,8;79;58,3
14-07-2021;27,4;75;0,2
14-07-2021;27,4;75;0,2
15-07-2021;27,7;70;0
15-07-2021;27,7;70;0
16-07-2021;26,6;70;0
16-07-2021;26,6;70;0
17-07-2021;26,9;73;-
17-07-2021;26,9;73;-
18-07-2021;27,7;77;0
18-07-2021;27,7;77;0
19-07-2021;27,7;82;5,8
19-07-2021;27,7;82;5,8
20-07-2021;27,8;66;0
20-07-2021;27,8;66;0
21-07-2021;27,3;75;0
21-07-2021;27,3;75;0
22-07-2021;27,8;73;0
23-07-2021;28,7;67;-
23-07-2021;28,7;67;-
24-07-2021;28;73;0
24-07-2021;28;73;0
25-07-2021;27,8;74;0
25-07-2021;27,8;74;0
26-07-2021;28,5;78;0
27-07-2021;28,2;80;0
27-07-2021;28,2;80;0
28-07-2021;27,9;85;3,3
29-07-2021;25,9;87;0
29-07-2021;25,9;87;0
30-07-2021;26,9;76;56,5
31-07-2021;26,9;86;2
01-08-2021;27,9;77;14,9
01-08-2021;27,9;77;14,9
02-08-2021;27;83;46
03-08-2021;28;80;1,6
03-08-2021;28;80;1,6
04-08-2021;26,6;86;23,7
04-08-2021;26,6;86;23,7
05-08-2021;27,6;75;1,5
05-08-2021;27,6;75;1,5
06-08-2021;28,1;74;0
06-08-2021;28,1;74;0
07-08-2021;28,2;83;0
07-08-2021;28,2;83;0
08-08-2021;28;84;10
08-08-2021;28;84;10
09-08-2021;27;91;1
09-08-2021;27;91;1
10-08-2021;26,2;92;20,1
10-08-2021;26,2;92;20,1
11-08-2021;25,6;92;9
11-08-2021;25,6;92;9
12-08-2021;26,4;91;4,8
12-08-2021;26,4;91;4,8
13-08-2021;26,9;85;8
13-08-2021;26,9;85;8
14-08-2021;25,9;92;18
14-08-2021;25,9;92;18
15-08-2021;26;91;37,1
15-08-2021;26;91;37,1
16-08-2021;26,6;93;1,8
16-08-2021;26,6;93;1,8
17-08-2021;25,3;98;6,8
17-08-2021;25,3;98;6,8
18-08-2021;25,5;89;22,1
18-08-2021;25,5;89;22,1
19-08-2021;25,7;82;73,7
20-08-2021;26,9;78;-
20-08-2021;26,9;78;-
21-08-2021;27;80;8888
21-08-2021;27;80;8888
22-08-2021;25,8;94;0
22-08-2021;25,8;94;0
23-08-2021;26;92;30,6
23-08-2021;26;92;30,6
24-08-2021;26,1;86;37,7
24-08-2021;26,1;86;37,7
25-08-2021;26,6;82;0,4
25-08-2021;26,6;82;0,4
26-08-2021;26,8;81;0
26-08-2021;26,8;81;0
27-08-2021;27,3;82;0
27-08-2021;27,3;82;0
28-08-2021;27,4;82;0
28-08-2021;27,4;82;0
29-08-2021;27,6;82;8888
29-08-2021;27,6;82;8888
30-08-2021;27,6;83;0
30-08-2021;27,6;83;0
31-08-2021;26,9;80;0,8
31-08-2021;26,9;80;0,8
01-09-2021;25,5;87;28,1
01-09-2021;25,5;87;28,1
02-09-2021;26;84;0,2
02-09-2021;26;84;0,2
03-09-2021;26,7;88;0
03-09-2021;26,7;88;0
04-09-2021;26,9;87;16
04-09-2021;26,9;87;16
05-09-2021;26,7;92;1
05-09-2021;26,7;92;1
06-09-2021;26,7;87;11,7
06-09-2021;26,7;87;11,7
07-09-2021;26,6;84;23
07-09-2021;26,6;84;23
08-09-2021;25,8;87;0
08-09-2021;25,8;87;0
09-09-2021;26,8;83;1,7
09-09-2021;26,8;83;1,7
10-09-2021;27,2;81;4,3
10-09-2021;27,2;81;4,3
11-09-2021;27,5;82;0
11-09-2021;27,5;82;0
12-09-2021;27,8;82;0
12-09-2021;27,8;82;0
13-09-2021;28;78;8888
13-09-2021;28;78;8888
14-09-2021;27,8;74;8888
14-09-2021;27,8;74;8888
15-09-2021;27,3;78;-
16-09-2021;28,4;80;-
17-09-2021;27,8;86;0
17-09-2021;27,8;86;0
18-09-2021;25,9;97;0
18-09-2021;25,9;97;0
19-09-2021;26,2;84;52,2
19-09-2021;26,2;84;52,2
20-09-2021;27,3;84;-
21-09-2021;27,6;81;1
21-09-2021;27,6;81;1
22-09-2021;27,7;84;3,1
22-09-2021;27,7;84;3,1
23-09-2021;27,5;84;2
23-09-2021;27,5;84;2
24-09-2021;27,3;86;-
24-09-2021;27,3;86;-
25-09-2021;27,6;84;8,7
25-09-2021;27,6;84;8,7
26-09-2021;27,1;91;0
27-09-2021;27,9;82;23,5
28-09-2021;26,3;98;-
29-09-2021;25,3;96;144,6
30-09-2021;25,6;90;210,3
30-09-2021;25,6;90;210,3
01-10-2021;26,1;85;10,1
01-10-2021;26,1;85;10,1
02-10-2021;26,4;80;1
03-10-2021;27,4;80;0
04-10-2021;27,6;74;-
04-10-2021;27,6;74;-
05-10-2021;27;76;0
06-10-2021;28;71;0
07-10-2021;27,6;81;0,2
08-10-2021;27,7;81;1,6
09-10-2021;28,2;78;-
09-10-2021;28,2;78;-
10-10-2021;25,2;98;3,5
11-10-2021;26,6;83;17,2
11-10-2021;26,6;83;17,2
12-10-2021;27,2;81;0,2
12-10-2021;27,2;81;0,2
13-10-2021;27,8;74;0
13-10-2021;27,8;74;0
14-10-2021;27,1;84;11,8
15-10-2021;28,5;68;2,2
15-10-2021;28,5;68;2,2
16-10-2021;28,3;71;0
16-10-2021;28,3;71;0
17-10-2021;27,5;86;0
18-10-2021;26,6;90;13,1
19-10-2021;26,9;80;14,8
20-10-2021;26,5;86;8888
20-10-2021;26,5;86;8888
21-10-2021;26,5;90;8,8
22-10-2021;26,1;89;3
23-10-2021;26,2;90;22,4
24-10-2021;25,9;93;20
25-10-2021;26;91;64,4
26-10-2021;26,8;85;2,7
26-10-2021;26,8;85;2,7
27-10-2021;27,2;82;32
27-10-2021;27,2;82;32
28-10-2021;27,9;71;0
28-10-2021;27,9;71;0
29-10-2021;27,2;82;2,6
29-10-2021;27,2;82;2,6
30-10-2021;26,2;90;0,3
30-10-2021;26,2;90;0,3
31-10-2021;25,9;92;37,2
31-10-2021;25,9;92;37,2
01-11-2021;26,1;89;26,5
01-11-2021;26,1;89;26,5
02-11-2021;27,3;87;8888
03-11-2021;24,8;98;7,4
04-11-2021;26,8;84;5,6
05-11-2021;26;88;95,3
05-11-2021;26;88;95,3
06-11-2021;25,9;86;14
07-11-2021;25,1;90;34,7
07-11-2021;25,1;90;34,7
08-11-2021;25,4;96;14,2
09-11-2021;27,8;76;14,9
10-11-2021;26,8;89;5
10-11-2021;26,8;89;5
11-11-2021;26,9;80;6,4
12-11-2021;28,2;74;-
12-11-2021;28,2;74;-
13-11-2021;26,8;87;2,3
13-11-2021;26,8;87;2,3
14-11-2021;28,4;73;0
15-11-2021;27,6;73;0
15-11-2021;27,6;73;0
16-11-2021;27,2;70;0
17-11-2021;27,3;87;0,2
18-11-2021;27,6;80;7,6
19-11-2021;28,2;75;0
19-11-2021;28,2;75;0
20-11-2021;28,7;67;0
20-11-2021;28,7;67;0
21-11-2021;26,7;86;4,5
22-11-2021;27,8;76;14,2
22-11-2021;27,8;76;14,2
23-11-2021;26,6;88;0
24-11-2021;28;73;0,4
25-11-2021;28,3;78;0,7
26-11-2021;29,1;68;-
26-11-2021;29,1;68;-
27-11-2021;26,8;76;7,7
28-11-2021;28;83;1
28-11-2021;28;83;1
29-11-2021;28,2;77;8888
30-11-2021;25,2;98;15,5
01-12-2021;28,1;79;44,5
01-12-2021;28,1;79;44,5
02-12-2021;28;74;4,9
02-12-2021;28;74;4,9
03-12-2021;29,3;70;0
03-12-2021;29,3;70;0
04-12-2021;28,2;82;-
05-12-2021;25,7;91;24,3
05-12-2021;25,7;91;24,3
06-12-2021;28,5;74;17,1
06-12-2021;28,5;74;17,1
07-12-2021;28,9;77;0
07-12-2021;28,9;77;0
08-12-2021;28,7;83;0
08-12-2021;28,7;83;0
09-12-2021;27,5;87;10,5
10-12-2021;27,9;85;60,7
11-12-2021;27,1;89;3,2
11-12-2021;27,1;89;3,2
12-12-2021;27,5;86;10,5
12-12-2021;27,5;86;10,5
13-12-2021;27,8;86;12
13-12-2021;27,8;86;12
14-12-2021;27,3;88;-
15-12-2021;27,7;86;14,6
16-12-2021;26,6;92;20,8
17-12-2021;24;99;57,3
18-12-2021;24,3;98;185,1
19-12-2021;27,3;84;43,5
20-12-2021;26,3;82;34
21-12-2021;28,2;76;2
22-12-2021;27;86;3,5
23-12-2021;27,4;82;50,8
24-12-2021;28,6;78;2,2
25-12-2021;28,7;75;0
26-12-2021;28,2;81;0
27-12-2021;28,5;83;28,5
28-12-2021;28,3;87;0
29-12-2021;28,6;86;-
30-12-2021;27,9;84;0
31-12-2021;27,1;92;49,5
01-01-2022;27,1;86;3,7
02-01-2022;26,9;86;8
03-01-2022;27;84;0
04-01-2022;27,3;84;-
05-01-2022;27,8;81;0
06-01-2022;27,7;83;0
07-01-2022;27,9;83;1,5
08-01-2022;27,7;86;-
09-01-2022;26,7;92;4
10-01-2022;26,8;89;-
11-01-2022;27;85;34,9
12-01-2022;28,1;85;0
13-01-2022;27,4;87;0
14-01-2022;27,9;84;0,4
15-01-2022;27,4;84;-
16-01-2022;28;83;0
17-01-2022;27;92;0
18-01-2022;26,4;91;28,6
19-01-2022;25,6;97;5,3
20-01-2022;27,7;78;10
21-01-2022;27,3;82;7,9
22-01-2022;27,2;83;6,2
23-01-2022;26,8;88;20,4
24-01-2022;25,9;92;49
25-01-2022;27,1;81;3,7
26-01-2022;27,9;85;0
27-01-2022;27,6;86;0
28-01-2022;28,5;79;0
29-01-2022;28,2;86;0
30-01-2022;27,2;86;12,2
31-01-2022;27,4;82;11,8
01-02-2022;27,5;86;0
02-02-2022;27,8;78;2,1
03-02-2022;27,8;83;1
04-02-2022;26,2;93;1,8
05-02-2022;25,4;93;44,5
06-02-2022;26;78;47,7
07-02-2022;27,8;74;-
08-02-2022;28;76;0
09-02-2022;28,3;64;-
10-02-2022;27,7;80;0
11-02-2022;27,4;76;0
12-02-2022;28;75;8888
13-02-2022;28;81;0
14-02-2022;27,4;76;0
15-02-2022;27,7;74;-
16-02-2022;26,1;93;3,3
17-02-2022;28,2;69;5,3
18-02-2022;27,9;79;-
19-02-2022;28,3;77;0
20-02-2022;27,6;71;-
21-02-2022;28,8;78;-
22-02-2022;27,8;80;0
23-02-2022;28;81;2,9
24-02-2022;28,1;74;0
25-02-2022;27,8;77;0
26-02-2022;27,4;84;2
27-02-2022;28,3;84;-
28-02-2022;28,4;82;0
01-03-2022;27,3;83;31,1
02-03-2022;27,1;88;1,6
03-03-2022;26,3;90;9,5
04-03-2022;27,6;78;9,8
05-03-2022;28,1;80;2,1
06-03-2022;26,9;86;21,6
07-03-2022;27,2;83;1,4
08-03-2022;28;82;-
09-03-2022;28;85;3,5
10-03-2022;-;-;5,8
11-03-2022;27,6;80;53,1
12-03-2022;27,9;82;1,6
13-03-2022;27,7;87;11,3
14-03-2022;26,8;93;11,4
15-03-2022;28,3;80;7,7
16-03-2022;27,9;82;0,6
17-03-2022;26,1;90;56
18-03-2022;24,8;99;13,1
19-03-2022;27,4;81;13,7
20-03-2022;26,8;84;16
21-03-2022;28,4;80;0,2
22-03-2022;28,2;78;0
23-03-2022;28,4;77;-
24-03-2022;27;78;0
25-03-2022;26,9;78;0
26-03-2022;27,9;70;-
27-03-2022;27,9;77;0
28-03-2022;27;62;-
29-03-2022;27,1;66;0
30-03-2022;27,7;74;0
31-03-2022;28,2;80;0
01-04-2022;27;69;-
02-04-2022;27,8;70;0
03-04-2022;27,9;76;0
04-04-2022;27,9;64;0
05-04-2022;28,4;73;0
06-04-2022;28;83;17
07-04-2022;27,1;85;4,3
08-04-2022;27,2;82;0
09-04-2022;28,2;83;4
10-04-2022;27,5;78;0
11-04-2022;27,5;82;0
12-04-2022;27,5;85;3
13-04-2022;28,1;85;-
14-04-2022;28,2;80;-
15-04-2022;28,4;84;1,6
16-04-2022;28,5;84;8888
17-04-2022;28,8;83;0
18-04-2022;26,2;91;75,5
19-04-2022;27,8;80;11
20-04-2022;27,3;84;48
21-04-2022;27,3;86;29,5
22-04-2022;27,9;90;-
23-04-2022;27,7;90;22,5
24-04-2022;27,6;90;6,7
25-04-2022;26,8;88;43,8
26-04-2022;28,4;81;2,8
27-04-2022;28,1;86;6,1
28-04-2022;27,8;86;9,7
29-04-2022;28,6;84;0,1
30-04-2022;28,4;86;0
01-05-2022;27,8;89;6,8
02-05-2022;26,8;89;5,5
03-05-2022;27,6;86;22,2
04-05-2022;27,4;90;12
05-05-2022;27,9;86;0
06-05-2022;27,1;92;9,7
07-05-2022;26,1;94;10
08-05-2022;27,9;83;17
09-05-2022;29,1;84;-
10-05-2022;29,2;88;-
11-05-2022;27,5;88;1
12-05-2022;27,9;79;22,1
13-05-2022;28,1;80;0
14-05-2022;27,9;87;0
15-05-2022;28,3;90;-
16-05-2022;27,2;90;2
17-05-2022;27,7;83;1
18-05-2022;26,7;74;-
19-05-2022;27,6;66;0
20-05-2022;28,1;76;0
21-05-2022;28,1;84;-
22-05-2022;28,2;84;8888
23-05-2022;28;78;0
24-05-2022;26,8;96;0
25-05-2022;26,9;85;41,5
26-05-2022;28,2;74;1,3
27-05-2022;27,7;84;0
28-05-2022;25,8;81;43,1
29-05-2022;27,7;80;0
30-05-2022;28,3;83;1,5
31-05-2022;28,4;84;0,1
01-06-2022;27,9;80;7,5
02-06-2022;27,5;80;-
03-06-2022;26,2;85;59,3
04-06-2022;27,3;78;8888
05-06-2022;27,8;86;-
06-06-2022;27,1;90;0
07-06-2022;26,5;92;16,1
08-06-2022;26,6;93;3,7
09-06-2022;26,6;92;4,4
10-06-2022;25,7;93;4
11-06-2022;25,1;97;10,5
12-06-2022;26,1;82;116,1
13-06-2022;27,2;85;0
14-06-2022;26,1;92;2
15-06-2022;24,2;96;24,5
16-06-2022;26;86;26
17-06-2022;26,8;93;8888
18-06-2022;26,5;87;22,3
19-06-2022;26,7;95;-
20-06-2022;26,3;86;17,7
21-06-2022;27,5;84;0
22-06-2022;26,6;86;10,6
23-06-2022;25,1;98;2,3
24-06-2022;24,3;99;32,4
25-06-2022;25,9;85;90,4
26-06-2022;27,2;81;2,5
27-06-2022;28;82;0
28-06-2022;26,7;85;6,5
29-06-2022;24,2;98;34,5
30-06-2022;25,6;86;21
01-07-2022;25,7;85;8888
02-07-2022;26,1;86;-
03-07-2022;26,5;82;0
04-07-2022;27,7;77;0
05-07-2022;28,7;78;0
06-07-2022;28,1;86;8888
07-07-2022;28,4;83;8888
08-07-2022;27,9;80;0
09-07-2022;27,3;85;0
10-07-2022;26,4;94;0
11-07-2022;28,1;78;0
12-07-2022;28,1;80;1,3
13-07-2022;28;78;8888
14-07-2022;28,4;80;0
15-07-2022;27,8;85;37,1
16-07-2022;28;84;0
17-07-2022;27,6;72;0
18-07-2022;27;80;0
19-07-2022;27,3;80;0
20-07-2022;27,8;85;3,5
21-07-2022;27,3;90;8888
22-07-2022;27,2;88;2
23-07-2022;28;91;-
24-07-2022;26,3;96;0
25-07-2022;24,1;99;38,5
26-07-2022;26,7;84;94,5
27-07-2022;26,4;92;8888
28-07-2022;27,1;84;8
29-07-2022;26,5;82;46,1
30-07-2022;27,1;80;53,5
31-07-2022;27,5;85;0
01-08-2022;28,5;84;0
02-08-2022;27,1;94;0
03-08-2022;27;82;6,3
04-08-2022;26,6;76;5,2
05-08-2022;27;70;0
06-08-2022;27,9;75;-
07-08-2022;27,3;82;3
08-08-2022;27,8;82;0
09-08-2022;27,7;84;0
10-08-2022;27,4;76;0
11-08-2022;27,9;80;0
12-08-2022;28;90;8888
13-08-2022;28,1;86;0
14-08-2022;25,6;98;14,5
15-08-2022;27,4;84;6
16-08-2022;27,8;83;8888
17-08-2022;27,7;84;-
18-08-2022;27,8;87;8888
19-08-2022;27,9;92;2,6
20-08-2022;24,9;99;7
21-08-2022;25,5;90;24,8
22-08-2022;27,1;80;2
23-08-2022;26,5;92;8888
24-08-2022;26,9;86;15
25-08-2022;25,2;97;23,4
26-08-2022;27,1;85;5,8
27-08-2022;26,6;88;0
28-08-2022;25,5;93;6,2
29-08-2022;24,4;94;151
30-08-2022;25,7;86;68
31-08-2022;27,3;85;8888
01-09-2022;25,5;98;8,5
02-09-2022;25;91;106
03-09-2022;26,4;78;35,4
04-09-2022;27,2;82;-
05-09-2022;27,1;78;0
06-09-2022;27,7;87;0
07-09-2022;24,6;90;51,6
08-09-2022;27,4;77;2
09-09-2022;27,4;73;2,5
10-09-2022;27,5;82;0
11-09-2022;27,9;72;0
12-09-2022;27,3;79;-
13-09-2022;26,1;86;94,4
14-09-2022;26,4;90;8888
15-09-2022;27,1;84;3,3
16-09-2022;27,3;87;0,8
17-09-2022;26,7;92;8888
18-09-2022;25,4;90;110
19-09-2022;26,6;81;11,3
20-09-2022;26,6;88;1,3
21-09-2022;26,3;88;15
22-09-2022;26,6;74;77,5
23-09-2022;27;73;8888
24-09-2022;27,6;74;8,5
25-09-2022;27,6;73;2,6
26-09-2022;27,7;74;0
27-09-2022;27,8;79;-
28-09-2022;26,2;85;19
29-09-2022;27,1;80;89,5
30-09-2022;26,1;86;-
01-10-2022;27,1;80;92,5
02-10-2022;26;86;93,5
03-10-2022;27,5;81;4,5
04-10-2022;25,7;85;41
05-10-2022;26,6;78;56,3
06-10-2022;27,1;75;2,5
07-10-2022;26,4;79;11,4
08-10-2022;27,2;75;8888
09-10-2022;26,7;78;6
10-10-2022;26,6;76;1,7
11-10-2022;27,2;76;8888
12-10-2022;26,7;80;5,2
13-10-2022;26,8;84;9,4
14-10-2022;26,7;83;2,9
15-10-2022;25,8;86;10,5
16-10-2022;25,8;85;62,3
17-10-2022;27,2;75;5
18-10-2022;28,1;70;-
19-10-2022;26,5;71;3,5
20-10-2022;24,7;80;41,6
21-10-2022;25,7;83;1,5
22-10-2022;27,4;78;5,3
23-10-2022;27;80;8888
24-10-2022;27,5;76;10,2
25-10-2022;27,2;84;29,6
26-10-2022;27,4;82;10,3
27-10-2022;27,6;78;17,2
28-10-2022;27,1;82;10,9
29-10-2022;28;77;1,3
30-10-2022;25,3;92;14,5
31-10-2022;27,1;81;38,6
01-11-2022;27,4;79;3,8
02-11-2022;27,7;75;5
03-11-2022;27,6;76;12,2
04-11-2022;27;80;17,5
05-11-2022;25,8;85;35,2
06-11-2022;26,9;78;1,7
07-11-2022;26,6;81;23,9
08-11-2022;27,6;75;0,1
09-11-2022;26,7;85;3,5
10-11-2022;26,1;84;7,1
11-11-2022;25,6;90;22,3
12-11-2022;26,1;86;104
13-11-2022;25,2;90;17,3
14-11-2022;26;85;16,2
15-11-2022;26,3;84;31
16-11-2022;24;94;24,9
17-11-2022;23,9;94;186,4
18-11-2022;25,3;90;55
19-11-2022;26,7;84;47,7
20-11-2022;26,7;80;8,8
21-11-2022;26,9;80;5,3
22-11-2022;25,6;88;11
23-11-2022;25;93;69,5
24-11-2022;25,3;90;56,7
25-11-2022;25,5;86;37,9
26-11-2022;27,1;77;8,1
27-11-2022;27,5;75;0
28-11-2022;27,2;77;0
29-11-2022;26,9;78;3,5
30-11-2022;27,4;80;1
01-12-2022;27,5;80;6,6
02-12-2022;25,9;84;51,9
03-12-2022;26,3;83;14,3
04-12-2022;24,3;95;35,5
05-12-2022;25,8;85;57,3
06-12-2022;26,6;80;8888
07-12-2022;25,9;84;17,6
08-12-2022;26,5;80;2,4
09-12-2022;27,2;82;15,8
10-12-2022;25,7;86;9,3
11-12-2022;23,9;94;35
12-12-2022;24,3;93;62,5
13-12-2022;24,6;90;8,8
14-12-2022;26,7;80;19,6
15-12-2022;27,3;75;8888
16-12-2022;28,4;69;0
17-12-2022;29;68;0
18-12-2022;28,5;73;0
19-12-2022;28,6;73;0
20-12-2022;28,8;73;1
21-12-2022;28,9;72;0
22-12-2022;27,2;76;8
23-12-2022;28,4;70;12,7
24-12-2022;27,2;68;0
25-12-2022;27,9;68;0
26-12-2022;27,5;74;0
27-12-2022;27,4;75;0
28-12-2022;26,9;77;0
29-12-2022;25,6;84;17
30-12-2022;24,2;90;13,5
31-12-2022;26,1;80;52,2
01-01-2023;27;79;1,4
02-01-2023;26,7;77;0
03-01-2023;27,1;78;4
04-01-2023;27,1;77;0
05-01-2023;27,8;81;0
06-01-2023;26,9;83;8,8
07-01-2023;25,7;88;30
08-01-2023;26,7;82;21,4
09-01-2023;27,4;76;6,8
10-01-2023;27,5;81;0
11-01-2023;27,3;78;-
12-01-2023;27,4;70;0
13-01-2023;27,7;76;0
14-01-2023;27,4;75;8888
15-01-2023;27,3;80;4
16-01-2023;27,4;81;13,8
17-01-2023;26,2;83;0,4
18-01-2023;27,2;82;6,8
19-01-2023;26,9;82;-
20-01-2023;26,8;84;0
21-01-2023;26,8;80;43,5
22-01-2023;26,6;84;44,1
23-01-2023;25;91;15,4
24-01-2023;25,5;80;159,8
25-01-2023;26,8;72;1,4
26-01-2023;27,3;75;0
27-01-2023;25;87;23,3
28-01-2023;25,2;86;32,5
29-01-2023;27,3;75;10,3
30-01-2023;27,9;78;-
31-01-2023;27,4;86;0
01-02-2023;28,9;78;17,2
02-02-2023;28,2;71;0
03-02-2023;29;66;0
04-02-2023;27,2;79;21,5
05-02-2023;25,3;85;11,6
06-02-2023;27,6;68;24,9
07-02-2023;27,9;67;0
08-02-2023;26,9;72;0
09-02-2023;27,4;78;27
10-02-2023;28,8;72;0,5
11-02-2023;-;86;0
12-02-2023;26,9;74;65,8
13-02-2023;27,3;78;7,6
13-02-2023;27,3;78;7,6
14-02-2023;28;73;8888
15-02-2023;27,4;76;-
16-02-2023;28,1;74;0
17-02-2023;27,1;72;0
18-02-2023;28,3;77;0
19-02-2023;28,5;74;0
20-02-2023;28;76;-
21-02-2023;27;81;0
22-02-2023;27,2;80;8888
23-02-2023;28;79;15,4
24-02-2023;27,5;83;47,5
25-02-2023;28;77;8888
26-02-2023;28,6;79;0
27-02-2023;28,7;70;1
28-02-2023;28;78;8888
01-03-2023;27,5;84;97,5
02-03-2023;26,7;86;8888
03-03-2023;26,9;78;27
04-03-2023;26,9;74;-
04-03-2023;26,9;74;-
05-03-2023;27,4;75;0
06-03-2023;27,6;78;8888
06-03-2023;27,6;78;8888
07-03-2023;28,4;77;0,5
08-03-2023;28,2;81;8888
09-03-2023;28,2;80;0
10-03-2023;27,9;83;8888
11-03-2023;26,1;88;10
12-03-2023;27,3;80;13,1
13-03-2023;28,2;82;1,2
14-03-2023;28,1;81;2
15-03-2023;27,1;81;0
16-03-2023;28,7;80;11,5
17-03-2023;27,8;81;0
18-03-2023;28,4;81;3,5
19-03-2023;28,2;80;1,4
20-03-2023;28,3;80;0
21-03-2023;28;78;21
22-03-2023;26,7;82;0
23-03-2023;28;83;55
24-03-2023;28,3;80;5
25-03-2023;27,5;82;173,8
26-03-2023;28,1;74;8888
27-03-2023;28,3;74;0,8
28-03-2023;28,5;76;8888
29-03-2023;28,2;82;9,6
30-03-2023;25,8;85;8888
31-03-2023;28,1;78;46
01-04-2023;28,1;81;34,7
02-04-2023;27,8;79;20
03-04-2023;28,5;77;9,4
04-04-2023;29,1;74;0
05-04-2023;27,4;82;10
06-04-2023;28,2;79;10,4
07-04-2023;28,1;78;1
08-04-2023;29;75;0
09-04-2023;29,2;79;4,9
10-04-2023;28,2;80;2,8
11-04-2023;28,4;76;8888
12-04-2023;29,3;78;8888
13-04-2023;28,7;75;0
14-04-2023;28,5;76;0
15-04-2023;27,6;84;63,2
16-04-2023;28,9;80;3,1
17-04-2023;28,5;75;10,8
18-04-2023;28,6;80;0
19-04-2023;29;79;0
20-04-2023;28,9;74;8888
21-04-2023;29;74;0,5
22-04-2023;28;82;11,5
23-04-2023;29,2;78;0
24-04-2023;29,1;76;0
25-04-2023;28,3;80;0
26-04-2023;27,4;86;32
27-04-2023;28;83;14,5
28-04-2023;27;86;3,8
29-04-2023;27;82;76,1
30-04-2023;28,9;82;-
30-04-2023;28,9;82;-
01-05-2023;28,7;80;1,5
02-05-2023;28,4;80;8888
03-05-2023;29,1;78;-
03-05-2023;29,1;78;-
04-05-2023;29,4;78;8888
05-05-2023;27,7;86;1,7
06-05-2023;26,4;90;79,6
06-05-2023;26,4;90;79,6
07-05-2023;25,1;92;175
07-05-2023;25,1;92;175
08-05-2023;25,8;87;19,7
08-05-2023;25,8;87;19,7
09-05-2023;28,4;75;26,7
10-05-2023;28,5;72;-
10-05-2023;28,5;72;-
11-05-2023;28,9;82;0
11-05-2023;28,9;82;0
12-05-2023;29,4;82;1
12-05-2023;29,4;82;1
13-05-2023;28,8;83;0
13-05-2023;28,8;83;0
14-05-2023;29,3;78;0
15-05-2023;28,8;79;0
15-05-2023;28,8;79;0
16-05-2023;29,1;80;0
17-05-2023;29,1;76;-
18-05-2023;29,2;79;3,3
19-05-2023;27,7;80;7,2
20-05-2023;28,9;73;8888
21-05-2023;28,9;74;0
22-05-2023;29,2;75;0
23-05-2023;29,2;75;0
24-05-2023;29;72;0
25-05-2023;28,5;76;0
26-05-2023;28,9;72;0
27-05-2023;28,4;72;-
28-05-2023;28,5;80;0,7
29-05-2023;27,5;78;5,1
30-05-2023;28,3;79;8888
31-05-2023;27,8;81;27,1
01-06-2023;27,1;84;34,4
02-06-2023;29,3;76;8888
03-06-2023;28,6;80;0
04-06-2023;28,8;79;2
05-06-2023;28,5;79;0
06-06-2023;28,4;80;22,7
07-06-2023;28,1;76;1
08-06-2023;28,1;74;0
09-06-2023;27,5;83;-
10-06-2023;27,9;80;80,8
11-06-2023;28,7;76;0
12-06-2023;28;80;2,3
13-06-2023;27,9;78;0
14-06-2023;28,8;73;3,2
15-06-2023;29,8;67;8888
16-06-2023;29,7;64;0
17-06-2023;26,9;74;0
18-06-2023;27,9;76;26,5
19-06-2023;29,1;72;0
20-06-2023;29,3;72;18
21-06-2023;28,7;77;1,4
22-06-2023;29,2;80;8888
23-06-2023;26,9;87;8888
24-06-2023;28,1;80;135
25-06-2023;28,2;80;0,2
26-06-2023;27,2;82;62
27-06-2023;28;82;1,2
28-06-2023;28;81;6,5
29-06-2023;28,6;79;0
30-06-2023;25,8;89;17,6
01-07-2023;26,5;80;55,9
02-07-2023;27,2;76;0
03-07-2023;28,4;79;0
04-07-2023;28,3;84;0,7
05-07-2023;26,3;88;1,4
06-07-2023;26,6;84;24,6
07-07-2023;28;79;3,5
08-07-2023;28;80;0,6
09-07-2023;28,3;78;1,4
10-07-2023;26,1;87;3,7
11-07-2023;27,5;79;8,8
12-07-2023;27,2;84;8,5
13-07-2023;27,6;80;7,7
14-07-2023;24,5;90;384,5
15-07-2023;26,6;75;121,9
16-07-2023;26,6;80;0
17-07-2023;27,3;79;0
18-07-2023;27,5;84;10,6
19-07-2023;27,7;80;0,8
20-07-2023;25,4;88;5
21-07-2023;26,9;82;27,4
22-07-2023;27,6;77;8888
23-07-2023;27,2;80;0
24-07-2023;27,8;74;11,4
25-07-2023;28,5;70;0
26-07-2023;28,6;78;0
27-07-2023;28,2;76;0
28-07-2023;28,3;75;0
29-07-2023;27,9;75;0
30-07-2023;27,9;76;0
31-07-2023;28;80;1,5
01-08-2023;26,7;83;-
02-08-2023;27,1;76;73,1
03-08-2023;27,5;75;0
04-08-2023;28,3;77;0
05-08-2023;27,7;78;10
06-08-2023;27,7;80;-
07-08-2023;28;78;2
08-08-2023;27,2;85;0
09-08-2023;27,3;84;96,7
10-08-2023;26,9;87;8888
11-08-2023;27,1;78;66,8
12-08-2023;27,4;77;0
13-08-2023;27,4;83;0,3
14-08-2023;25,6;85;4,5
15-08-2023;26,5;76;24,7
16-08-2023;28;78;0
17-08-2023;27;86;0
18-08-2023;27;82;57,8
19-08-2023;27,6;82;-
20-08-2023;27,5;81;0,3
21-08-2023;27;83;38,9
22-08-2023;27,7;81;0
23-08-2023;27,6;79;3,4
24-08-2023;27,8;80;0
25-08-2023;25,8;88;0
26-08-2023;26;86;106,2
27-08-2023;26,8;81;35
28-08-2023;27,1;82;33
29-08-2023;27,5;79;0
30-08-2023;27,4;79;0
31-08-2023;28,4;78;8888
01-09-2023;27,3;74;0
02-09-2023;27;74;0
03-09-2023;27,6;72;0
04-09-2023;27,8;74;0
05-09-2023;27,5;84;7,3
06-09-2023;24,8;93;43
07-09-2023;26,6;83;8,8
08-09-2023;27,8;83;0
09-09-2023;27;84;0
10-09-2023;26,8;76;2,7
11-09-2023;26,5;79;0
12-09-2023;27,9;79;0
13-09-2023;27,8;80;0
14-09-2023;27,3;79;0
15-09-2023;27,3;80;0
16-09-2023;27,3;82;0
17-09-2023;27,3;81;3,5
18-09-2023;27,5;81;0,1
19-09-2023;27,5;82;0
20-09-2023;26,9;86;5,5
21-09-2023;25,5;88;21,7
22-09-2023;27;83;11,2
23-09-2023;26,5;80;0
24-09-2023;26,7;78;0
25-09-2023;26,3;76;-
26-09-2023;26;79;0
27-09-2023;26,9;80;0
28-09-2023;26,8;78;0
29-09-2023;27,3;80;0
30-09-2023;27,4;79;-
01-10-2023;27,7;78;8888
02-10-2023;27,5;77;-
03-10-2023;26,4;78;0
04-10-2023;25,7;82;0
05-10-2023;26,5;84;-
06-10-2023;27;83;8888
07-10-2023;27,5;82;0
08-10-2023;27,1;83;8888
09-10-2023;27,1;82;2,1
10-10-2023;27,2;82;-
11-10-2023;27,2;84;2,6
12-10-2023;27,4;84;8888
13-10-2023;26,7;86;3,6
14-10-2023;27,2;83;0
15-10-2023;27,2;84;-
16-10-2023;27,4;85;8888
17-10-2023;27;84;1
18-10-2023;27,3;82;-
19-10-2023;27,1;84;8888
20-10-2023;27,1;84;1
21-10-2023;26,8;86;4,8
22-10-2023;27,2;85;5
23-10-2023;27,4;71;0
24-10-2023;27,1;81;0,3
25-10-2023;26,8;83;9,1
26-10-2023;27,3;82;2,1
27-10-2023;27;83;3,9
28-10-2023;26,7;84;0
29-10-2023;27,2;84;8888
30-10-2023;27,3;83;0,1
31-10-2023;26,4;84;8888
01-11-2023;26,5;85;3,1
02-11-2023;27;84;14
03-11-2023;27,5;81;56,9
04-11-2023;26,4;86;1,5
05-11-2023;26,9;83;57
06-11-2023;26,8;83;8,5
07-11-2023;26,7;84;9,9
08-11-2023;27,5;80;11,7
09-11-2023;26,5;86;0
10-11-2023;27,3;82;14,3
11-11-2023;26,7;83;1,7
12-11-2023;28,1;78;8888
13-11-2023;27,6;79;1
14-11-2023;27,2;82;0,4
15-11-2023;27,7;80;0,1
16-11-2023;28;81;8,1
17-11-2023;27,3;84;1,3
18-11-2023;27,6;84;5,8
19-11-2023;28,1;82;8888
20-11-2023;28,4;77;0
21-11-2023;27,4;82;0
22-11-2023;27,7;82;-
23-11-2023;28;76;0
24-11-2023;27,5;80;1,8
25-11-2023;27,3;76;10,1
26-11-2023;27,5;82;0,5
27-11-2023;28,6;75;38
28-11-2023;28,4;78;0
29-11-2023;28,4;78;0
30-11-2023;26,5;84;-
01-12-2023;26,9;82;1,2
02-12-2023;27,5;80;29,2
03-12-2023;27,5;82;1,2
04-12-2023;27,9;81;0,8
05-12-2023;27,6;82;4,8
06-12-2023;27,5;83;3
07-12-2023;27,9;79;1
08-12-2023;28;79;8888
09-12-2023;28;79;8888
10-12-2023;28,5;75;8888
11-12-2023;28,7;76;0
12-12-2023;28,2;76;0
13-12-2023;28,1;78;-
14-12-2023;27,5;81;32,3
15-12-2023;28,4;77;0
16-12-2023;28,5;77;-
17-12-2023;28,4;78;0
18-12-2023;26,8;85;19,6
19-12-2023;28;79;13,9
20-12-2023;28;78;1,2
21-12-2023;27,7;81;0
22-12-2023;28,6;77;4,5
23-12-2023;28,7;76;0
24-12-2023;28,2;79;0
25-12-2023;27,4;84;0
26-12-2023;28,7;79;14,6
27-12-2023;29,1;75;0
28-12-2023;28,9;76;0
29-12-2023;27,8;81;0
30-12-2023;28;82;26,7
31-12-2023;27,7;83;3,3
01-01-2024;28,6;80;73
02-01-2024;27,1;85;1,2
03-01-2024;26,7;84;16,2
04-01-2024;28,3;79;103,5
05-01-2024;27,9;83;0
06-01-2024;24,9;92;17,4
07-01-2024;27,8;77;121,8
08-01-2024;28,1;79;0
09-01-2024;27,8;84;0
10-01-2024;26,2;89;31,6
11-01-2024;27,6;83;47,7
12-01-2024;27,9;79;1,8
13-01-2024;28,4;77;7,5
14-01-2024;27,3;84;-
15-01-2024;27,5;83;19,2
16-01-2024;29,1;79;11,8
17-01-2024;26,5;90;0,1
18-01-2024;26,8;86;16,1
19-01-2024;27,4;84;22
20-01-2024;28;79;20,3
21-01-2024;29,2;69;0
22-01-2024;28,1;78;-
23-01-2024;29,3;72;0
24-01-2024;29,3;74;-
25-01-2024;30;71;0
26-01-2024;29,7;72;-
27-01-2024;29,2;76;0
28-01-2024;28,9;78;0
29-01-2024;29,2;77;18,5
30-01-2024;29,6;75;1
31-01-2024;28,6;82;0
01-02-2024;28,6;79;2,6
02-02-2024;26,8;86;11
03-02-2024;26,5;84;10,6
04-02-2024;28,9;73;4,6
05-02-2024;28,7;76;-
06-02-2024;28,7;78;19,2
07-02-2024;29,2;75;0
08-02-2024;29,5;75;1
09-02-2024;28,2;82;0
10-02-2024;26,4;88;20,4
11-02-2024;29;65;10,6
12-02-2024;30,1;64;0
13-02-2024;30,4;65;0
14-02-2024;29,4;75;0
15-02-2024;28,8;78;5,6
16-02-2024;28,9;76;6,7
17-02-2024;29,1;75;18
18-02-2024;30;72;0
19-02-2024;28,4;81;0
20-02-2024;27,8;84;3,7
21-02-2024;28,1;76;136,8
22-02-2024;29,1;72;51,8
23-02-2024;28,8;78;8888
24-02-2024;28,4;78;2,3
25-02-2024;28,8;77;4,6
26-02-2024;29,8;69;-
27-02-2024;30;73;0
28-02-2024;29,5;68;8888
29-02-2024;29,9;71;0
01-03-2024;28,1;79;0
02-03-2024;28,6;81;38,7
03-03-2024;27,5;85;68,2
04-03-2024;27,9;81;19,3
05-03-2024;26,2;88;2,4
06-03-2024;28,3;79;24,5
07-03-2024;26,4;88;3
08-03-2024;25,6;88;275,6
09-03-2024;26,7;86;30,1
10-03-2024;27,5;81;8,8
11-03-2024;28;77;38,9
12-03-2024;26,9;76;4,2
13-03-2024;28,3;62;6,2
14-03-2024;28,9;66;0
15-03-2024;28,8;71;0
16-03-2024;28,6;70;0
17-03-2024;29,3;71;0
18-03-2024;29,7;74;0
19-03-2024;29,7;71;0
20-03-2024;29,9;66;-
21-03-2024;29,6;70;0
22-03-2024;29,9;72;0
23-03-2024;30,1;74;0
24-03-2024;28,1;85;8888
25-03-2024;28,8;83;25,3
26-03-2024;29,4;80;18
27-03-2024;29;81;1,5
28-03-2024;29,3;80;1,8
29-03-2024;29;78;8888
30-03-2024;28;84;1
31-03-2024;28,5;83;30,7
01-04-2024;27,8;87;15,3
02-04-2024;28,3;82;19,4
03-04-2024;28,7;80;1,6
04-04-2024;28,9;79;3,6
05-04-2024;29,6;76;1
06-04-2024;29,3;76;38,8
07-04-2024;28,4;81;0
08-04-2024;28,8;78;5,9
09-04-2024;28,2;79;3,2
10-04-2024;28;82;67,5
11-04-2024;29,3;74;3
12-04-2024;28,5;81;0
13-04-2024;28,8;79;27
14-04-2024;29,3;79;8,5
15-04-2024;30,2;74;0,8
16-04-2024;27,6;84;0
17-04-2024;28,8;79;51
18-04-2024;28,2;78;9,8
19-04-2024;29,6;74;8888
20-04-2024;26,8;87;0,1
21-04-2024;29,9;75;24,6
22-04-2024;28,6;79;0,5
23-04-2024;29;78;30
24-04-2024;29,3;79;73,5
25-04-2024;27,3;87;1
26-04-2024;28,3;81;38
27-04-2024;27,6;85;10,4
28-04-2024;30,2;76;15,7
29-04-2024;29,8;80;0
30-04-2024;29;81;5
01-05-2024;29,3;77;5,2
02-05-2024;28,8;80;8888
03-05-2024;27,9;83;0,9
04-05-2024;28,3;82;33,2
05-05-2024;29,1;81;3,9
06-05-2024;29,8;75;0,6
07-05-2024;27,8;82;8888
08-05-2024;29,3;71;2,7
09-05-2024;29,7;73;-
10-05-2024;28,7;80;0
11-05-2024;28,4;82;3,9
12-05-2024;28,3;83;49,7
13-05-2024;28,8;78;18,7
14-05-2024;28,6;82;13
15-05-2024;29,4;77;7,7
16-05-2024;28;84;0
17-05-2024;28,6;80;3,9
18-05-2024;28;83;1
19-05-2024;29,4;75;18,2
20-05-2024;28,4;83;5,8
21-05-2024;27,5;85;42,5
22-05-2024;26,2;87;38,5
23-05-2024;28,7;77;76,8
24-05-2024;29;80;8888
25-05-2024;29,6;73;-
26-05-2024;29,2;78;8888
27-05-2024;30;76;8888
28-05-2024;30,1;77;1,8
29-05-2024;28,7;80;3
30-05-2024;29,1;77;1,3
31-05-2024;27,3;82;0
01-06-2024;28,6;78;10,5
02-06-2024;27,6;82;0
03-06-2024;28,7;78;6,4
04-06-2024;27,7;86;8888
05-06-2024;29,3;76;7,6
06-06-2024;26,9;84;0
07-06-2024;28,7;78;6
08-06-2024;29,2;77;8888
09-06-2024;28;76;0
10-06-2024;29,4;73;10
11-06-2024;27,9;80;0
12-06-2024;27,7;79;1,4
13-06-2024;27,9;81;1
14-06-2024;27,4;82;7,9
15-06-2024;28,6;75;27,2
16-06-2024;27,9;82;0
17-06-2024;26,9;78;13,2
18-06-2024;27,5;77;4,9
19-06-2024;28,6;74;15,5
20-06-2024;27;83;0
21-06-2024;25,5;86;42,6
22-06-2024;27,6;76;38,5
23-06-2024;28,6;71;0
24-06-2024;29,2;74;0
25-06-2024;29,5;74;0
26-06-2024;29,6;77;0
27-06-2024;28,9;79;0
28-06-2024;28,2;80;5
29-06-2024;27;83;0,6
30-06-2024;28,1;77;9,9
01-07-2024;29;76;8888
02-07-2024;28;80;-
03-07-2024;28,8;75;8,9
04-07-2024;29,2;73;0,4
05-07-2024;28,1;76;2,5
06-07-2024;28,2;76;3
07-07-2024;28,3;72;8888
08-07-2024;-;-;-
09-07-2024;28,5;71;8888
10-07-2024;27,2;78;30,3
11-07-2024;27,1;76;1,5
12-07-2024;28;73;0
13-07-2024;28,5;78;0,8
14-07-2024;27,9;79;3,6
15-07-2024;27,4;77;13,5
16-07-2024;28;77;9,1
17-07-2024;28,3;75;0
18-07-2024;28,5;74;0
19-07-2024;28,1;73;0
20-07-2024;28,7;76;0
21-07-2024;28,5;73;0
22-07-2024;29;74;0
23-07-2024;28,8;75;0
24-07-2024;28,4;75;0
25-07-2024;27,8;73;0
26-07-2024;27,5;75;0
27-07-2024;27,7;75;0
28-07-2024;28,4;74;0
29-07-2024;28,4;74;0
30-07-2024;28,4;77;0
31-07-2024;26,8;84;9,2
01-08-2024;27,9;79;55,9
02-08-2024;28;79;8888
03-08-2024;27,2;83;8888
04-08-2024;27,3;80;0,3
05-08-2024;27,7;77;8888
06-08-2024;26,8;83;8888
07-08-2024;27,1;82;30,8
08-08-2024;28,2;78;8888
09-08-2024;27,6;84;0
10-08-2024;27,2;84;7,6
11-08-2024;26,2;87;29,9
12-08-2024;26,9;79;10,9
13-08-2024;28,1;79;0
14-08-2024;28;80;0
15-08-2024;28,4;81;8888
16-08-2024;27,3;85;19
17-08-2024;27,9;81;1,8
18-08-2024;28,3;80;8888
19-08-2024;27;87;10,9
20-08-2024;26,9;83;67,3
21-08-2024;27,6;81;0,9
22-08-2024;27,9;83;0
23-08-2024;26;88;11,2
24-08-2024;26,4;84;49,5
25-08-2024;27;78;5,4
26-08-2024;27,6;79;0
27-08-2024;25,6;85;34,4
28-08-2024;27,5;71;35,7
29-08-2024;27,8;80;0
30-08-2024;27,9;77;0
31-08-2024;27,9;76;0
01-09-2024;28,2;77;0
02-09-2024;28,7;79;0
03-09-2024;28,7;79;0
04-09-2024;27,4;85;0
05-09-2024;27,6;81;14
06-09-2024;28;81;2,2
07-09-2024;28,6;79;0
08-09-2024;28,7;80;8888
09-09-2024;26,3;86;9,8
10-09-2024;26,6;85;48,1
11-09-2024;27,6;80;1
12-09-2024;26,5;83;8,1
13-09-2024;27,1;79;8888
14-09-2024;27,2;79;3,7
15-09-2024;27,4;78;0
16-09-2024;27,2;76;66,7
17-09-2024;25,1;91;5,7
18-09-2024;27,1;79;32,2
19-09-2024;26,9;77;0,1
20-09-2024;27,2;78;0,9
21-09-2024;27,8;78;1,4
22-09-2024;28,2;73;0
23-09-2024;28,1;74;0
24-09-2024;28,8;73;0
25-09-2024;28,7;77;1
26-09-2024;28,5;72;0
27-09-2024;29,1;75;0
28-09-2024;27;87;1,8
29-09-2024;26,4;88;42,3
30-09-2024;27;83;23,7
01-10-2024;27,1;84;11,5
02-10-2024;27,3;82;1,1
03-10-2024;27;89;33
04-10-2024;26,1;92;11,9
05-10-2024;26;88;54,5
06-10-2024;27,3;80;49,5
07-10-2024;26,9;85;20,1
08-10-2024;28;80;1,3
09-10-2024;27,9;79;0
10-10-2024;26,1;90;39
11-10-2024;27,3;84;77,1
12-10-2024;26,2;89;28,2
13-10-2024;26,4;85;196,6
14-10-2024;27,6;76;61,3
15-10-2024;25,1;88;27
16-10-2024;28;71;11
17-10-2024;28;77;0
18-10-2024;28,1;75;0
19-10-2024;28,2;74;0
20-10-2024;28,9;75;0
21-10-2024;28,6;70;0
22-10-2024;29,2;73;0
23-10-2024;28,7;71;0
24-10-2024;28,7;72;0
25-10-2024;28,7;73;0
26-10-2024;27,6;65;0
27-10-2024;28,2;69;0
28-10-2024;28,7;73;1
29-10-2024;28,9;69;0,2
30-10-2024;29;70;0
31-10-2024;27,8;79;7,7
01-11-2024;27,7;78;0
02-11-2024;27,5;82;23,8
03-11-2024;28,6;75;26,4
04-11-2024;29,1;67;0
05-11-2024;27,8;79;26,3
06-11-2024;27,6;80;18,7
07-11-2024;28,7;71;8888
08-11-2024;28,4;72;1
09-11-2024;28;79;0
10-11-2024;28,3;76;1,5
11-11-2024;27,6;77;0,8
12-11-2024;28,4;78;0,9
13-11-2024;28,2;79;8888
14-11-2024;26,7;83;3
15-11-2024;26,8;83;20,1
16-11-2024;26,6;82;1
17-11-2024;26,7;85;66,6
18-11-2024;27,3;84;60,3
19-11-2024;26,8;86;29,2
20-11-2024;27;85;16,2
21-11-2024;26,3;86;1,5
22-11-2024;27,4;82;27,5
23-11-2024;27,6;79;8888
24-11-2024;28;77;0,2
25-11-2024;28,6;79;6,5
26-11-2024;28,3;76;0,4
27-11-2024;28,6;77;9,9
28-11-2024;28,5;76;8888
29-11-2024;28,3;78;4
30-11-2024;28,2;72;0
01-12-2024;28,2;75;3,3
02-12-2024;24,5;75;163,2
03-12-2024;26,2;82;24,6
04-12-2024;26,4;78;12
05-12-2024;26,6;81;13,4
06-12-2024;26;88;3,5
07-12-2024;25,1;91;9,1
08-12-2024;27,1;81;19,9
09-12-2024;28,6;77;14,2
10-12-2024;28;77;61,8
11-12-2024;24,6;92;15
12-12-2024;24,9;91;32,7
13-12-2024;26,8;82;74,1
14-12-2024;27,5;80;12,6
15-12-2024;28,3;77;2
16-12-2024;28,6;79;1,5
17-12-2024;29,1;77;0
18-12-2024;28,7;77;2,3
19-12-2024;26,9;82;0
20-12-2024;27,5;78;2,5
21-12-2024;28,4;76;10,4
22-12-2024;29;77;12
23-12-2024;25;91;0,8
24-12-2024;25;92;119,1
25-12-2024;27,9;77;10,2
26-12-2024;28,9;77;0
27-12-2024;29,3;79;0
28-12-2024;28,4;76;0
29-12-2024;28,6;75;0
30-12-2024;28;81;5
31-12-2024;29,1;67;0
01-01-2025;28,6;77;0
02-01-2025;28,4;77;0
03-01-2025;28;72;0
04-01-2025;27,8;73;0
05-01-2025;28,2;73;0
06-01-2025;27;85;0,9
07-01-2025;26,5;81;237,5
08-01-2025;28,2;77;4,7
09-01-2025;28,1;76;0
10-01-2025;28,3;78;0
11-01-2025;28,4;74;0
12-01-2025;27,3;79;1
13-01-2025;27,5;81;0,5
14-01-2025;28;82;2,2
15-01-2025;27,5;87;4,9
16-01-2025;26,9;87;23,5
17-01-2025;26,4;90;16,1
18-01-2025;28;77;67,5
19-01-2025;28,9;80;0
20-01-2025;28,9;76;8888
21-01-2025;26,8;86;3,2
22-01-2025;27,6;75;39,6
23-01-2025;26,4;84;0
24-01-2025;26,9;79;0,3
25-01-2025;23,9;93;50,3
26-01-2025;26,8;78;82,9
27-01-2025;26,9;78;8888
28-01-2025;27,1;74;5,1
29-01-2025;28,9;66;0
30-01-2025;27,9;76;0
31-01-2025;28,4;74;0
01-02-2025;29,6;65;0
02-02-2025;29,2;70;0
03-02-2025;29,1;68;8888
04-02-2025;28,7;69;0
05-02-2025;27,7;74;0,8
06-02-2025;28;73;2,3
07-02-2025;27,9;81;7,5
08-02-2025;27,2;84;51,2
09-02-2025;28,2;77;0,5
10-02-2025;28,8;73;0
11-02-2025;27,9;70;0
12-02-2025;28,5;72;0
13-02-2025;29,1;75;0
14-02-2025;28,6;73;0
15-02-2025;28,1;74;0
16-02-2025;28,5;76;0
17-02-2025;27,8;80;100
18-02-2025;27,2;84;0
19-02-2025;27,6;80;144,7
20-02-2025;27;85;0,2
21-02-2025;27,9;80;9,8
22-02-2025;27,7;79;0
23-02-2025;27,2;81;20,5
24-02-2025;27,6;80;0,3
25-02-2025;28,5;78;0
26-02-2025;28;79;0
27-02-2025;27,7;82;1,9
28-02-2025;28,4;76;8888
01-03-2025;28,5;81;0,5
02-03-2025;28;83;3
03-03-2025;27,7;85;0,2
04-03-2025;27,9;82;31
05-03-2025;25,2;91;1,9
06-03-2025;25,2;87;139
07-03-2025;27,2;75;12,9
08-03-2025;28;78;12
09-03-2025;29,2;75;0
10-03-2025;29,3;83;0
11-03-2025;29,3;81;0
12-03-2025;27;88;57,5
13-03-2025;26,2;81;55,6
14-03-2025;28;78;8888
15-03-2025;28,3;79;0
16-03-2025;28,2;76;10,8
17-03-2025;27,3;77;18,5
18-03-2025;26,6;82;27,5
19-03-2025;27,1;79;8,8
20-03-2025;27,6;71;0,5
21-03-2025;30,5;56;8888
22-03-2025;27,3;79;8888
23-03-2025;27,9;78;2,5
24-03-2025;28;79;0
25-03-2025;28,7;71;8888
26-03-2025;29;72;0
27-03-2025;27,6;80;10,1
28-03-2025;26,9;78;141
29-03-2025;28;76;6,5
30-03-2025;27,4;85;40,7
31-03-2025;28,1;76;0
01-04-2025;27,9;75;0
02-04-2025;28;78;0
03-04-2025;27,6;76;0
04-04-2025;28,4;77;8888
05-04-2025;27,6;79;5
06-04-2025;27,7;78;0,8
07-04-2025;26,5;84;1
08-04-2025;27,2;79;9,3
09-04-2025;27,9;81;0,3
10-04-2025;27,7;79;10,1
11-04-2025;27,3;83;52,2
12-04-2025;27,7;77;17,5
13-04-2025;27,6;79;1
14-04-2025;27,2;81;48
15-04-2025;28;78;8888
16-04-2025;27,7;76;47,4
17-04-2025;26;84;29
18-04-2025;28;72;6,2
19-04-2025;27,6;73;0
20-04-2025;27,8;80;7,8
21-04-2025;28;77;12
22-04-2025;27,8;75;16,9
23-04-2025;27,2;78;25,7
24-04-2025;27,4;80;6,2
25-04-2025;27,8;70;0
26-04-2025;27,7;72;0
27-04-2025;28,2;78;0
28-04-2025;28,2;78;8888
29-04-2025;27,4;81;16
30-04-2025;27,9;82;24,1
01-05-2025;27,5;83;38,2
02-05-2025;28,1;78;0
03-05-2025;28,2;78;0
04-05-2025;28,2;79;3
05-05-2025;28,7;75;0
06-05-2025;28,6;77;0
07-05-2025;28,6;76;0
08-05-2025;29,1;77;0
09-05-2025;28,4;77;2,5
10-05-2025;27,5;81;0
11-05-2025;24,4;93;93,5
12-05-2025;27,4;77;47,3
13-05-2025;29,2;74;0
14-05-2025;29,4;71;0
15-05-2025;29,2;69;8888
16-05-2025;26,3;79;17,5
17-05-2025;28,4;71;5,5
18-05-2025;28,8;69;0
19-05-2025;28,6;70;0
20-05-2025;28,5;75;0
21-05-2025;28,8;75;0
22-05-2025;27,9;75;0
23-05-2025;28;76;44,3
24-05-2025;28,7;74;0
25-05-2025;28,5;71;0
26-05-2025;28,6;67;0
27-05-2025;29,2;69;0
28-05-2025;28;68;0
29-05-2025;28,9;70;0
30-05-2025;28,6;68;0
31-05-2025;28,2;71;0
01-06-2025;29,6;62;0
02-06-2025;29;70;0
03-06-2025;29;67;8888
04-06-2025;28,8;70;0
05-06-2025;27,8;79;7,9
06-06-2025;28,2;69;5,5
07-06-2025;27,1;80;12
08-06-2025;28,2;73;3
09-06-2025;27,7;79;9,5
10-06-2025;24,3;89;81,6
11-06-2025;26,6;75;46,9
12-06-2025;27,3;71;0
13-06-2025;27,8;78;0
14-06-2025;28,1;76;0
15-06-2025;28,3;77;0
16-06-2025;27,3;82;8888
17-06-2025;25,1;92;128,5
18-06-2025;26,3;70;120
19-06-2025;27,5;68;0
20-06-2025;28,3;67;0
